0.000000000000000000e+00,-3.776015201574272851e+03,-1.248294092881768165e+03,-2.527721108692504458e+03,2.924260825159904016e+02,3.312835033233557880e+01,5.615977522999999672e+07,5.668074705999989063e+07,1.347750000000000000e+04
1.000000000000000000e+00,-3.370347917570608388e+03,-1.503895285900915496e+03,-1.866452631669692892e+03,5.188570435432485795e+01,2.810946352019968586e+01,8.691886589999999851e+06,8.742850109999999404e+06,3.016099999999999909e+03
2.000000000000000000e+00,-4.071959646650814193e+03,-1.303364259136854798e+03,-2.768595387513959395e+03,7.563278708598677724e+01,2.665878357802079535e+01,1.095074837900000066e+08,1.118585846500000507e+08,2.005759999999999854e+04
3.000000000000000000e+00,-3.252494710269314055e+03,-1.801632968049963438e+03,-1.450861742219350617e+03,6.078975177352223369e+00,4.050135398398016662e+01,2.497600270000000019e+06,2.528515149999998976e+06,1.900799999999999955e+03
4.000000000000000000e+00,-3.239392042844326170e+03,-2.396020224277503075e+03,-8.433718185668230944e+02,2.387156327856628835e+01,4.242215393848646698e+01,1.795545760000000009e+06,1.797132100000000559e+06,2.082800000000000182e+03
5.000000000000000000e+00,-3.175180152995247226e+03,-2.253460957360946395e+03,-9.217191956343008314e+02,1.994010453397736171e+02,4.697655107381079631e+01,2.284453500000000000e+06,2.263616289999998640e+06,2.710699999999999818e+03
6.000000000000000000e+00,-3.219507216503337986e+03,-2.303056984260778336e+03,-9.164502322425596503e+02,1.793776388751532025e+01,3.849765110340960206e+01,1.984006379999999888e+06,1.979460290000000503e+06,1.851200000000000045e+03
7.000000000000000000e+00,-3.581782006265902510e+03,-1.933642099202276086e+03,-1.648139907063626424e+03,2.870257728005390732e+02,3.125459636878412795e+01,3.071681419999999925e+06,3.124180540000000503e+06,1.315299999999999955e+03
8.000000000000000000e+00,-3.396157082049332075e+03,-1.274686641591013540e+03,-2.121470440458318535e+03,1.039316166451966410e+02,3.087852120684570423e+01,1.830452887999999896e+07,1.849964403999999911e+07,4.554899999999999636e+03
9.000000000000000000e+00,-3.363821000512150931e+03,-2.171858720782778619e+03,-1.191962279729372312e+03,2.664362809678726762e+02,4.059634815715710232e+01,1.978409429999999935e+06,1.984408640000001527e+06,1.652500000000000000e+03
1.000000000000000000e+01,-3.441958807320369488e+03,-2.175027428672323822e+03,-1.266931378648045666e+03,2.765611203078227049e+02,3.643576588913108338e+01,1.183170840000000084e+06,1.186280019999999786e+06,7.785000000000000000e+02
1.100000000000000000e+01,-3.547190001277538613e+03,-2.455376995454706048e+03,-1.091813005822832565e+03,2.673277160341782519e+02,3.727841453762664514e+01,1.369099610000000102e+06,1.382702409999999683e+06,1.120400000000000091e+03
1.200000000000000000e+01,-3.589814124531297693e+03,-2.696658861917826016e+03,-8.931552626134716775e+02,2.475765609177254873e+02,3.642364173377040970e+01,1.509771729999999981e+06,1.517215749999998836e+06,1.390099999999999909e+03
1.300000000000000000e+01,-3.209654206646787770e+03,-2.691332777191581954e+03,-5.183214294552058163e+02,8.482695322469017185e+01,3.855595337339873652e+01,2.766032199999999721e+05,2.773355999999999185e+05,4.328999999999999773e+02
1.400000000000000000e+01,-3.290011780909874233e+03,-1.817852215520944810e+03,-1.472159565388929423e+03,2.586511063781132975e+02,5.056965354839640270e+01,1.551893280000000028e+06,1.548019249999999069e+06,1.135900000000000091e+03
1.500000000000000000e+01,-3.212853624544969080e+03,-2.018753284389294095e+03,-1.194100340155674985e+03,5.259567142443017929e+01,4.146531818999478247e+01,2.318914680000000168e+06,2.369145029999996535e+06,1.659900000000000091e+03
1.600000000000000000e+01,-3.113197806598759144e+03,-1.504538257955646031e+03,-1.608659548643113112e+03,6.833851921008701424e+01,3.223275993825571106e+01,4.113175879999999888e+06,4.193253490000003483e+06,1.602099999999999909e+03
1.700000000000000000e+01,-3.373233175446355744e+03,-1.742537770096784470e+03,-1.630695405349571274e+03,2.668211801410653266e+02,4.582391881468917205e+01,1.334716389999999898e+06,1.344680210000000661e+06,8.040000000000000000e+02
1.800000000000000000e+01,-3.225940454321594643e+03,-2.669848930364516036e+03,-5.560915239570786071e+02,7.944187684973739749e+01,3.204294649711896881e+01,6.484604300000000512e+05,6.486322200000004377e+05,8.217999999999999545e+02
1.900000000000000000e+01,-3.179472896073761149e+03,-2.407598551365160347e+03,-7.718743447086008018e+02,2.588463398497888761e+02,3.956410342455779272e+01,1.062413959999999963e+06,1.066004040000000037e+06,1.134200000000000045e+03
2.000000000000000000e+01,-3.266434505496632028e+03,-2.012080946392169608e+03,-1.254353559104462420e+03,7.246572988323873687e+01,3.160098333873163057e+01,2.145291479999999981e+06,2.154125659999999683e+06,1.192599999999999909e+03
2.100000000000000000e+01,-3.247431613055899106e+03,-2.424792220148419347e+03,-8.226393929074797597e+02,9.281653894168756835e+01,3.222385672496948672e+01,1.298939080000000075e+06,1.305152530000000261e+06,1.297900000000000091e+03
2.200000000000000000e+01,-3.440656011693292385e+03,-2.633109377373287771e+03,-8.075466343200046140e+02,2.606362018858217198e+02,2.901283188835364157e+01,5.561816600000000326e+05,5.562319899999997579e+05,4.576999999999999886e+02
2.300000000000000000e+01,-3.451843243206218176e+03,-1.783173034319730505e+03,-1.668670208886487671e+03,2.510783614377724291e+02,4.548513243130118155e+01,2.605128810000000056e+06,2.605275950000002049e+06,1.302200000000000045e+03
2.400000000000000000e+01,-3.241056924157851427e+03,-1.616704498371560931e+03,-1.624352425786290496e+03,2.857303915354213473e+02,3.211240985832988315e+01,1.144228669999999925e+06,1.218351810000000522e+06,4.066000000000000227e+02
2.500000000000000000e+01,-3.843016670666869686e+03,-1.535884029262598006e+03,-2.307132641404271453e+03,2.881735949369871719e+02,3.226892798778253280e+01,4.746174019999999553e+06,5.196379680000009947e+06,1.311400000000000091e+03
2.600000000000000000e+01,-3.716659595957504280e+03,-2.788288211278474137e+03,-9.283713846790301432e+02,2.613699277747244878e+02,3.274111498736137804e+01,1.489477169999999925e+06,1.536438120000000577e+06,1.479900000000000091e+03
2.700000000000000000e+01,-3.767025210671892637e+03,-1.671520763602132774e+03,-2.095504447069759863e+03,2.849987393129825932e+02,3.527179508805329533e+01,7.765459030000000261e+06,7.984145989999999292e+06,2.935000000000000000e+03
2.800000000000000000e+01,-3.238771995071146193e+03,-2.456754621935107934e+03,-7.820173731360382590e+02,2.620273952166302251e+02,3.917862395938525566e+01,8.953280300000000279e+05,8.977629700000006706e+05,1.055099999999999909e+03
2.900000000000000000e+01,-3.290528591446320661e+03,-2.870189912717454263e+03,-4.203386787288663982e+02,8.491252683230629827e+01,4.263425402513534834e+01,4.734390100000000093e+05,4.733706800000000512e+05,9.427999999999999545e+02
3.000000000000000000e+01,-3.250950163754554978e+03,-1.973432200773272143e+03,-1.277517962981282835e+03,1.226463892323555740e+02,4.163664118270908432e+01,1.363034129999999888e+06,1.375935680000000633e+06,1.099900000000000091e+03
3.100000000000000000e+01,-3.366180628427633110e+03,-2.904095831754332266e+03,-4.620847966733008434e+02,2.752120566518272540e+02,4.751821536668106205e+01,3.232986799999999930e+05,3.234666700000000419e+05,9.012999999999999545e+02
3.200000000000000000e+01,-3.196553655748059100e+03,-1.817158538235333481e+03,-1.379395117512725619e+03,7.672548742818631240e+01,3.460821508878480302e+01,4.515410399999999790e+05,4.573824500000004191e+05,3.243999999999999773e+02
3.300000000000000000e+01,-3.163718001038823786e+03,-1.956848841187373409e+03,-1.206869159851450377e+03,7.507212003483368790e+01,2.824752354656675379e+01,1.162447620000000112e+06,1.216946770000000484e+06,5.350000000000000000e+02
3.400000000000000000e+01,-3.150817628073074957e+03,-2.282458312257735997e+03,-8.683593158153389595e+02,2.742048601038296169e+02,3.763197462408463423e+01,5.221495599999999977e+05,5.223789600000002538e+05,4.305000000000000000e+02
3.500000000000000000e+01,-3.175485748360001253e+03,-2.098285805524054922e+03,-1.077199942835946331e+03,7.648119480292216110e+01,4.077295933691127061e+01,5.995440200000000186e+05,6.029579799999998650e+05,5.128999999999999773e+02
3.600000000000000000e+01,-3.207420456234268840e+03,-2.953600843746400642e+03,-2.538196124878681985e+02,2.747380083642964337e+02,2.556146141512190084e+01,1.260172200000000012e+05,1.272976699999999546e+05,2.403000000000000114e+02
3.700000000000000000e+01,-3.443183892079285215e+03,-2.671380576090462000e+03,-7.718033159888232149e+02,2.647722201430837572e+02,4.389401143642554359e+01,3.937413499999999767e+05,3.914072500000003492e+05,4.816999999999999886e+02
3.800000000000000000e+01,-3.213998488356925009e+03,-2.102146110835476975e+03,-1.111852377521448034e+03,2.712220032892162180e+02,3.375388607019424114e+01,8.764917900000000373e+05,8.776183000000002794e+05,5.973999999999999773e+02
3.900000000000000000e+01,-3.202735935751226407e+03,-2.578379006591861071e+03,-6.243569291593653361e+02,7.998837386814828676e+01,3.514405722235938612e+01,8.903424000000000233e+05,8.999248999999990920e+05,9.785000000000000000e+02
4.000000000000000000e+01,-3.333326549202517526e+03,-1.588042365415725499e+03,-1.745284183786792028e+03,9.371276735640476829e+01,3.556561192730281107e+01,2.346441439999999944e+06,2.423975149999999907e+06,8.667000000000000455e+02
4.100000000000000000e+01,-3.309019952101567924e+03,-1.462760692515634446e+03,-1.846259259585933478e+03,2.722128507152874590e+02,3.079104943683450912e+01,5.053319219999999739e+06,5.121678810000002384e+06,1.573200000000000045e+03
4.200000000000000000e+01,-3.329908748917940102e+03,-2.503653441493439459e+03,-8.262553074245006428e+02,9.038576564265167690e+01,2.861168133420670401e+01,7.995890200000000186e+05,8.035504300000000512e+05,5.712999999999999545e+02
4.300000000000000000e+01,-3.269023923819890115e+03,-1.915500875313862934e+03,-1.353523048506027180e+03,1.308923317111117512e+02,4.352831872958146420e+01,1.593610669999999925e+06,1.600279220000000903e+06,1.050000000000000000e+03
4.400000000000000000e+01,-3.219520743635023791e+03,-2.857972300586096026e+03,-3.615484430489277656e+02,9.126745479536064920e+01,3.440635037046232725e+01,3.799364500000000116e+05,3.799430200000001932e+05,9.001000000000000227e+02
4.500000000000000000e+01,-3.494613367092910721e+03,-1.489908474176461141e+03,-2.004704892916449580e+03,9.369586263507879664e+01,4.017461107582806790e+01,1.370038609999999963e+07,1.396974467999999411e+07,5.210100000000000364e+03
4.600000000000000000e+01,-3.242510599720098071e+03,-2.663888647071064042e+03,-5.786219526490340286e+02,2.665635107511626529e+02,4.357021081929815409e+01,2.242181499999999942e+05,2.260026500000001397e+05,3.593999999999999773e+02
4.700000000000000000e+01,-3.252415874068302401e+03,-2.804870716166366492e+03,-4.475451579019359087e+02,2.672956483801939385e+02,4.986582412233070016e+01,2.586594299999999930e+05,2.587713500000000640e+05,6.158999999999999773e+02
4.800000000000000000e+01,-3.219956800437469610e+03,-2.755736624477791793e+03,-4.642201759596778174e+02,9.090243570204582113e+01,3.431797985090473446e+01,4.146945399999999790e+05,4.145610300000003772e+05,5.888999999999999773e+02
4.900000000000000000e+01,-3.444215810987169334e+03,-2.430737089732821914e+03,-1.013478721254347420e+03,1.191019656315393433e+02,2.828403444123009436e+01,1.078754389999999898e+06,1.083186290000000270e+06,5.878999999999999773e+02
5.000000000000000000e+01,-3.343425865064296431e+03,-2.823305179282282097e+03,-5.201206857820143341e+02,8.449674064755274117e+01,3.514915136757622349e+01,4.389077800000000279e+05,4.396180500000001630e+05,5.435000000000000000e+02
5.100000000000000000e+01,-3.271187907893344800e+03,-2.937015270390879323e+03,-3.341726375024654772e+02,2.549848358506480679e+02,4.533789153690037921e+01,2.217282300000000105e+05,2.219293699999999662e+05,5.210000000000000000e+02
5.200000000000000000e+01,-3.339574834749446381e+03,-2.716643608627800859e+03,-6.229312261216455227e+02,2.783141494698805332e+02,5.254814738012230890e+01,4.517566699999999837e+05,4.525189000000003143e+05,8.026000000000000227e+02
5.300000000000000000e+01,-3.104774266480784718e+03,-2.658112144212974727e+03,-4.466621222678099912e+02,8.230870766771072056e+01,3.250227473057159244e+01,3.714527000000000116e+05,3.716743999999997905e+05,6.093999999999999773e+02
5.400000000000000000e+01,-3.259724116751378006e+03,-2.386817121767455319e+03,-8.729069949839226865e+02,2.910537398477882789e+02,3.259012865220432076e+01,4.233778940000000410e+06,4.261267459999997169e+06,2.838000000000000000e+03
5.500000000000000000e+01,-3.223760776367896142e+03,-2.891402842123364280e+03,-3.323579342445318616e+02,1.006529626902838288e+02,2.782040069401467619e+01,3.668042399999999907e+05,3.670577600000000675e+05,7.998999999999999773e+02
5.600000000000000000e+01,-3.321382814431583938e+03,-1.373438372459120501e+03,-1.947944441972463437e+03,1.044526533529093086e+02,3.497048077791961873e+01,1.927114419999999925e+07,1.958769455000002682e+07,7.312000000000000000e+03
5.700000000000000000e+01,-3.213072845475175654e+03,-2.686529281236163115e+03,-5.265435642390125395e+02,2.822187925259814278e+02,2.495779196320339466e+01,1.331495799999999872e+05,1.341504500000000407e+05,1.270999999999999943e+02
5.800000000000000000e+01,-3.170003052436439702e+03,-2.596214834924385286e+03,-5.737882175120544161e+02,1.222273629727113331e+02,2.973941834885049218e+01,1.172517700000000041e+05,1.178022299999999668e+05,1.404000000000000057e+02
5.900000000000000000e+01,-3.199171849087020291e+03,-2.515170726720650691e+03,-6.840011223663696001e+02,2.681525276600191887e+02,2.872803917923999606e+01,4.097533900000000140e+05,4.102538400000001420e+05,2.993000000000000114e+02
6.000000000000000000e+01,-3.198491617855519962e+03,-2.749904857362935672e+03,-4.485867604925842898e+02,1.114561609154931432e+02,2.683414481840192778e+01,3.305970599999999977e+05,3.305982899999999208e+05,5.337000000000000455e+02
6.100000000000000000e+01,-3.188869196881044900e+03,-2.528941200803074025e+03,-6.599279960779708745e+02,2.599603137306700660e+02,2.856384656887716389e+01,5.821210699999999488e+05,5.828254600000000792e+05,4.683000000000000114e+02
6.200000000000000000e+01,-3.189693858619108141e+03,-1.778722512613247773e+03,-1.410971346005860369e+03,2.856788948024828301e+02,2.984650633915247653e+01,6.387729899999999907e+05,6.559538499999998603e+05,2.825000000000000000e+02
6.300000000000000000e+01,-3.186696085892517203e+03,-2.715934429742836073e+03,-4.707616561496811300e+02,9.558315559979250509e+01,3.088769411006235899e+01,3.081203800000000047e+05,3.087503600000000442e+05,3.741999999999999886e+02
6.400000000000000000e+01,-3.258360198677531571e+03,-1.950374152686800016e+03,-1.307986045990731554e+03,1.124649127787911027e+02,4.228738507516598588e+01,2.233398750000000000e+06,2.237199320000000764e+06,1.596200000000000045e+03
6.500000000000000000e+01,-3.343319226390750828e+03,-2.563907724396274261e+03,-7.794115019944765663e+02,2.594169753597856811e+02,3.507418351194348105e+01,1.187159040000000037e+06,1.188987449999999488e+06,1.193500000000000000e+03
6.600000000000000000e+01,-3.185864637145495180e+03,-1.528942506011769183e+03,-1.656922131133725998e+03,9.527011679641232433e+01,3.047917820028951041e+01,6.651326349999999627e+06,6.741538099999998696e+06,3.180500000000000000e+03
6.700000000000000000e+01,-3.305913378591005312e+03,-2.393502603732892112e+03,-9.124107748581132000e+02,7.107356916667347946e+01,3.670807816135832269e+01,4.414609400000000023e+05,4.420962400000002235e+05,3.878000000000000114e+02
6.800000000000000000e+01,-3.449808374309010560e+03,-2.395014951037190713e+03,-1.054793423271819847e+03,2.587950789969019638e+02,4.608987712628127298e+01,2.620596300000000047e+05,2.648093500000001513e+05,2.465999999999999943e+02
6.900000000000000000e+01,-3.282763373126191254e+03,-2.841036370766682921e+03,-4.417270023595083330e+02,7.368429840072397496e+01,3.482565429836802906e+01,4.078288800000000047e+05,4.080103800000000047e+05,7.058999999999999773e+02
7.000000000000000000e+01,-3.382280226538284751e+03,-1.576189118547464204e+03,-1.806091107990820547e+03,2.946371181504354126e+02,5.156844051016335584e+01,8.884162900000000373e+05,8.936305400000001537e+05,4.848999999999999773e+02
7.100000000000000000e+01,-3.250890148053342273e+03,-3.032618652930521421e+03,-2.182714951228208520e+02,8.002961523078089101e+01,3.440875417804146252e+01,1.590365599999999977e+05,1.590573299999999581e+05,4.413999999999999773e+02
7.200000000000000000e+01,-3.409843968857437176e+03,-2.510753070816088893e+03,-8.990908980413482823e+02,2.679738208426031747e+02,5.037742897728273306e+01,2.617823620000000112e+06,2.626202740000002552e+06,2.638500000000000000e+03
7.300000000000000000e+01,-3.286661522594013604e+03,-2.486060155050820867e+03,-8.006013675431927368e+02,8.684024235193749064e+01,3.466744577244963921e+01,6.990365600000000559e+05,7.005925299999997951e+05,6.482000000000000455e+02
7.400000000000000000e+01,-3.513979103109008065e+03,-3.009283769628113987e+03,-5.046953334808940781e+02,9.412789410874721341e+01,3.119775248270834211e+01,3.045622899999999790e+05,3.037949300000002258e+05,5.098000000000000114e+02
7.500000000000000000e+01,-3.242115103806561820e+03,-2.771878049611782444e+03,-4.702370541947793754e+02,2.741011268506881606e+02,4.113639009209442321e+01,2.566331099999999860e+05,2.566083399999999383e+05,5.902999999999999545e+02
7.600000000000000000e+01,-3.105812555692536080e+03,-2.353942646179347321e+03,-7.518699095131887589e+02,9.138701998178683539e+01,3.130708637374197068e+01,5.250789599999999627e+05,5.254841200000002282e+05,5.862999999999999545e+02
7.700000000000000000e+01,-3.254159127182415887e+03,-1.649927902121362649e+03,-1.604231225061053237e+03,9.622231811503149856e+01,3.206690750921242739e+01,9.198495830000000075e+06,9.210155020000010729e+06,3.446300000000000182e+03
7.800000000000000000e+01,-3.223859562249634564e+03,-2.049664834540332777e+03,-1.174194727709301787e+03,7.522836168568451853e+01,3.356587529806631665e+01,5.847241300000000047e+05,5.821268000000002794e+05,4.293999999999999773e+02
7.900000000000000000e+01,-3.357889901922144873e+03,-2.893333019037025679e+03,-4.645568828851191938e+02,2.411210588648495445e+02,2.950707657318785238e+01,3.883011199999999953e+05,3.893509500000000116e+05,4.788999999999999773e+02
8.000000000000000000e+01,-3.495595158644143794e+03,-2.466124430378160923e+03,-1.029470728265982871e+03,1.234652733644750242e+02,2.780863239400671461e+01,1.671894860000000102e+06,1.674589219999998342e+06,9.535000000000000000e+02
8.100000000000000000e+01,-3.213604068357365577e+03,-2.712317520866222367e+03,-5.012865474911432102e+02,8.818658807657524790e+01,3.744047855226485666e+01,3.572749899999999907e+05,3.576968200000000070e+05,5.358999999999999773e+02
8.200000000000000000e+01,-3.433139937005745196e+03,-2.806062123093582159e+03,-6.270778139121630375e+02,9.194164853438090290e+01,3.016794984258608991e+01,8.196830799999999581e+05,8.207340500000002794e+05,8.292000000000000455e+02
8.300000000000000000e+01,-3.394766176126541268e+03,-2.979508775946257174e+03,-4.152574001802840939e+02,9.074023469289008403e+01,4.172180006783926132e+01,1.757376099999999860e+05,1.760208900000000722e+05,3.206000000000000227e+02
8.400000000000000000e+01,-3.238446847019108191e+03,-2.436804370684672904e+03,-8.016424763344352868e+02,2.290473288866155031e+02,4.508379188177434571e+01,4.326558300000000163e+05,4.339090900000000256e+05,4.090000000000000000e+02
8.500000000000000000e+01,-3.159969746254929305e+03,-2.862427527252606978e+03,-2.975422190023223266e+02,9.747466437023457786e+01,2.009199429534039538e+01,1.037023300000000017e+05,1.044225999999999622e+05,1.242000000000000028e+02
8.600000000000000000e+01,-3.399505363672886233e+03,-2.795740027792793171e+03,-6.037653358800930619e+02,2.648294738244911173e+02,3.769341325615308591e+01,4.902670000000000000e+05,4.909325800000000745e+05,8.242999999999999545e+02
8.700000000000000000e+01,-3.619167616814428129e+03,-2.402193190479832992e+03,-1.216974426334595137e+03,2.787334194106222185e+02,3.310751468804543407e+01,8.598296899999999441e+05,9.445590100000005914e+05,4.995000000000000000e+02
8.800000000000000000e+01,-3.401167706969243227e+03,-2.691728811226194921e+03,-7.094388957430483060e+02,1.091164397560940955e+02,2.479709162047276649e+01,8.933974599999999627e+05,8.944520100000002421e+05,6.582000000000000455e+02
8.900000000000000000e+01,-3.253974659357796099e+03,-2.897936474393692151e+03,-3.560381849641039480e+02,2.614032673566633207e+02,3.708415890383135149e+01,2.969377100000000210e+05,2.971467700000001932e+05,6.698999999999999773e+02
9.000000000000000000e+01,-3.237426683335839243e+03,-2.943709902397050882e+03,-2.937167809387883608e+02,2.646646426751591434e+02,3.642818781028481823e+01,1.990425700000000070e+05,1.989663699999999371e+05,5.326000000000000227e+02
9.100000000000000000e+01,-3.319617035894074888e+03,-1.359162836657868411e+03,-1.960454199236206478e+03,2.857850295786989818e+02,3.316201613704714646e+01,5.226240160000000149e+06,5.269592869999995455e+06,1.777900000000000091e+03
9.200000000000000000e+01,-3.217654951483444620e+03,-1.581186180145036815e+03,-1.636468771338407805e+03,2.772029649859545231e+01,2.884900848782996263e+01,1.363405621000000089e+07,1.369271775999998301e+07,4.200699999999999818e+03
9.300000000000000000e+01,-3.185925094297266696e+03,-2.874046269674086489e+03,-3.118788246231802077e+02,2.688656561491328603e+02,2.971342666855883508e+01,3.092179600000000210e+05,3.092260100000000675e+05,8.185000000000000000e+02
9.400000000000000000e+01,-3.251089694826167488e+03,-2.685388322669844001e+03,-5.657013721563234867e+02,9.035983872194867672e+01,2.935236639302419803e+01,5.231136300000000047e+05,5.234275000000001164e+05,5.285000000000000000e+02
9.500000000000000000e+01,-3.182230255156251133e+03,-2.473974351434576874e+03,-7.082559037216742581e+02,2.633285754092327693e+02,3.691047127313620280e+01,5.986806400000000140e+05,6.036848199999998324e+05,5.715000000000000000e+02
9.600000000000000000e+01,-3.195752659437463535e+03,-1.999275351538601399e+03,-1.196477307898862136e+03,9.330042052615893056e+01,2.433696799701306546e+01,1.195160370000000112e+06,1.220112690000000410e+06,4.321000000000000227e+02
9.700000000000000000e+01,-3.291900729217895332e+03,-2.784054899907881918e+03,-5.078458293100134142e+02,7.875825001408963999e+01,5.254534400972493557e+01,4.239218099999999977e+05,4.244656900000004098e+05,9.221000000000000227e+02
9.800000000000000000e+01,-3.484451304590131713e+03,-1.602512140402528075e+03,-1.881939164187603637e+03,9.617723371230583496e+01,3.445133192572479430e+01,2.225325669999999925e+06,2.386516910000000149e+06,1.054099999999999909e+03
9.900000000000000000e+01,-3.483777271100757844e+03,-1.785345416161708272e+03,-1.698431854939049572e+03,6.299845426740011334e+01,2.814282702630577049e+01,2.239543890000000130e+06,2.251551229999998119e+06,9.197000000000000455e+02
1.000000000000000000e+02,-3.354215148568220229e+03,-2.858888352051536913e+03,-4.953267965166833164e+02,2.708952316186939697e+02,4.483317420087960414e+01,3.522802199999999721e+05,3.519986799999998766e+05,6.507000000000000455e+02
1.010000000000000000e+02,-3.260431163525018292e+03,-2.921057330293513132e+03,-3.393738332315051593e+02,2.760951155436373483e+02,3.698055702762598429e+01,8.833488999999999942e+04,8.839597000000003027e+04,1.793000000000000114e+02
1.020000000000000000e+02,-3.400264004103854859e+03,-3.001641671911467711e+03,-3.986223321923871481e+02,2.742151809374573759e+02,5.655749677845441425e+01,1.164111900000000023e+05,1.165339199999999400e+05,4.363000000000000114e+02
1.030000000000000000e+02,-3.387564667425950120e+03,-2.838863171415247962e+03,-5.487014960107021579e+02,2.840434584136353919e+02,5.742553274130745677e+01,3.283593300000000163e+05,3.282362300000001560e+05,7.191000000000000227e+02
1.040000000000000000e+02,-3.147123213073375155e+03,-2.741062326308580850e+03,-4.060608867647943043e+02,2.877938016407656505e+02,5.174622318471019611e+01,9.074097999999999593e+04,9.077478999999996449e+04,2.044000000000000057e+02
1.050000000000000000e+02,-3.227616775606923966e+03,-2.488968279757449636e+03,-7.386484958494743296e+02,2.583459665646527696e+02,3.940256215097016224e+01,8.921392299999999814e+05,8.932148999999999069e+05,9.492000000000000455e+02
1.060000000000000000e+02,-3.216580315010383401e+03,-2.431902352516050541e+03,-7.846779624943328599e+02,5.745409934785106998e+01,2.989232979070112961e+01,1.696791219999999972e+06,1.703090090000000782e+06,1.320000000000000000e+03
1.070000000000000000e+02,-3.161977247001990236e+03,-2.895933859815026153e+03,-2.660433871869640825e+02,2.714175971535810845e+02,2.441189520917843581e+01,3.304482299999999814e+05,3.317072899999999790e+05,8.402000000000000455e+02
1.080000000000000000e+02,-3.211372187523088996e+03,-2.842853819970806398e+03,-3.685183675522825979e+02,8.152221108942325145e+01,3.496256157779443896e+01,1.130024700000000012e+05,1.130080899999999965e+05,1.876999999999999886e+02
1.090000000000000000e+02,-3.251313131402485851e+03,-2.643698849131015777e+03,-6.076142822714700742e+02,1.096528460726535883e+02,2.829043622624744003e+01,1.390275040000000037e+06,1.393694920000001090e+06,1.278400000000000091e+03
1.100000000000000000e+02,-3.270080132906218751e+03,-2.939265022186405076e+03,-3.308151107198136742e+02,8.114400819814117938e+01,4.532281420877412614e+01,1.832907900000000081e+05,1.832357700000000477e+05,6.132999999999999545e+02
1.110000000000000000e+02,-3.198919372473329986e+03,-1.943743174234562275e+03,-1.255176198238767711e+03,2.892702052948550886e+02,3.443936716516869012e+01,4.289346300000000047e+05,4.304142799999998533e+05,2.631000000000000227e+02
1.120000000000000000e+02,-3.198737718848537043e+03,-2.193761642420284261e+03,-1.004976076428252782e+03,8.117931981022132959e+01,3.511473229652702344e+01,1.128887989999999991e+06,1.132917860000000102e+06,1.016299999999999955e+03
1.130000000000000000e+02,-3.401716893144033293e+03,-2.801449373555622515e+03,-6.002675195884107779e+02,2.663995819906912743e+02,4.323626404024732750e+01,5.780133199999999488e+05,5.781523800000000047e+05,8.588999999999999773e+02
1.140000000000000000e+02,-3.118067620173798787e+03,-2.437494836557716098e+03,-6.805727836160826882e+02,2.433552925801726019e+02,4.132502394260605172e+01,6.272754899999999907e+05,6.273197500000006985e+05,7.976000000000000227e+02
1.150000000000000000e+02,-3.383335966854418984e+03,-2.634307359547204669e+03,-7.490286073072143154e+02,2.817099030469704530e+02,2.912555629691973280e+01,6.890431600000000326e+05,6.896992199999998556e+05,6.063999999999999773e+02
1.160000000000000000e+02,-3.414911391612119132e+03,-3.055768910101317033e+03,-3.591424815108020994e+02,2.644543565113377213e+02,2.700190075760014707e+01,5.734302999999999884e+04,5.751612000000004628e+04,1.180999999999999943e+02
1.170000000000000000e+02,-3.669825299619672023e+03,-1.969385237674748623e+03,-1.700440061944923400e+03,2.893724659763244631e+02,3.043548148017681498e+01,4.422904899999999907e+05,4.522864100000002654e+05,1.961999999999999886e+02
1.180000000000000000e+02,-3.352605367964803008e+03,-2.073014095060505952e+03,-1.279591272904297057e+03,6.730885890620528755e+01,3.099864007401555455e+01,1.219877149999999907e+06,1.236464729999999981e+06,5.928999999999999773e+02
1.190000000000000000e+02,-3.494622345973788924e+03,-2.625860325049953644e+03,-8.687620209238352800e+02,8.280096407284747784e+01,2.713519369114128921e+01,8.907581999999999534e+05,8.902274499999990221e+05,6.787999999999999545e+02
1.200000000000000000e+02,-3.439081850490836587e+03,-2.862952782832584035e+03,-5.761290676582525521e+02,3.113796954808356645e+02,4.508087353624256366e+01,1.384997000000000116e+05,1.385002599999999511e+05,3.046000000000000227e+02
1.210000000000000000e+02,-3.223911769660983737e+03,-3.011442353712537169e+03,-2.124694159484465672e+02,2.664671032022237114e+02,3.599642280605901590e+01,1.255432899999999936e+05,1.255430399999999208e+05,4.325000000000000000e+02
1.220000000000000000e+02,-3.356161736000492965e+03,-2.868978780464424290e+03,-4.871829555360686754e+02,2.639187450450388042e+02,4.025218220788887180e+01,2.128358099999999977e+05,2.131121699999999255e+05,4.335000000000000000e+02
1.230000000000000000e+02,-3.318383002346065041e+03,-2.797378608888830058e+03,-5.210043934572349826e+02,2.806447021856687343e+02,3.091132344870698745e+01,1.772022200000000012e+05,1.777921800000000221e+05,1.860999999999999943e+02
1.240000000000000000e+02,-3.319704649705022803e+03,-2.555274182042253869e+03,-7.644304676627689332e+02,8.400393587747998936e+01,3.593335452535468022e+01,2.777541699999999837e+05,2.789663800000000047e+05,3.000000000000000000e+02
1.250000000000000000e+02,-3.643563774964232380e+03,-2.907813336780751342e+03,-7.357504381834810374e+02,7.529863369565863707e+01,3.573227062613072036e+01,1.230796999999999971e+05,1.253890799999999872e+05,1.490000000000000000e+02
1.260000000000000000e+02,-3.284186911975239127e+03,-2.948414916841344166e+03,-3.357719951338949613e+02,5.972476308693621405e+01,5.067231836084398822e+01,8.142405000000000291e+04,8.142042999999996391e+04,3.558000000000000114e+02
1.270000000000000000e+02,-3.418544389038084773e+03,-3.033197638189173176e+03,-3.853467508489115971e+02,2.607257175165325407e+02,2.745329160281367464e+01,1.423344200000000128e+05,1.426004600000000210e+05,2.499000000000000057e+02
1.280000000000000000e+02,-3.307534499957002481e+03,-2.007294465442440469e+03,-1.300240034514562012e+03,2.556736197368815908e+02,4.787032788399204719e+01,3.394081300000000047e+05,3.400376600000001490e+05,2.264000000000000057e+02
1.290000000000000000e+02,-3.250646093821275826e+03,-1.799385106166677815e+03,-1.451260987654598011e+03,7.921366905766282684e+01,2.575579198722846641e+01,1.538808810000000056e+06,1.546036029999998864e+06,6.917000000000000455e+02
1.300000000000000000e+02,-3.997159456193972801e+03,-1.400548207340149474e+03,-2.596611248853823326e+03,2.731389637175998928e+02,3.273127777017332107e+01,2.954850616000000015e+07,3.058833480000001937e+07,6.893399999999999636e+03
1.310000000000000000e+02,-3.642406905393356737e+03,-1.432122543288294310e+03,-2.210284362105062428e+03,2.650242723548344657e+02,2.932997296692186495e+01,1.507708939000000060e+07,1.519846494999999367e+07,3.816400000000000091e+03
1.320000000000000000e+02,-3.487091862790078721e+03,-1.502230353831817638e+03,-1.984861508958261084e+03,2.635400997543434869e+02,3.386402366337976133e+01,4.952706889999999665e+06,5.002571009999998845e+06,1.659799999999999955e+03
1.330000000000000000e+02,-3.443609217061727122e+03,-1.950424572808620496e+03,-1.493184644253106626e+03,6.978881980100715055e+01,3.352528908295508359e+01,5.476887110000000335e+06,5.503515450000000186e+06,2.634800000000000182e+03
1.340000000000000000e+02,-3.372099404935916027e+03,-2.701558816133790970e+03,-6.705405888021250576e+02,7.977574018577124093e+01,4.960930068994947106e+01,5.119385599999999977e+05,5.111345300000004354e+05,8.127000000000000455e+02
1.350000000000000000e+02,-3.320394135958355491e+03,-1.397550263223623460e+03,-1.922843872734732031e+03,7.008099404432287827e+01,2.517042159061282902e+01,1.032462924000000022e+07,1.040169776000000536e+07,2.650699999999999818e+03
1.360000000000000000e+02,-3.756883506920861237e+03,-3.027325783254083035e+03,-7.295577236667782017e+02,8.328744530646291366e+01,3.026579753126386407e+01,8.840425300000000279e+05,9.023879500000001863e+05,1.016899999999999977e+03
1.370000000000000000e+02,-3.277770642236995627e+03,-1.804421129557336826e+03,-1.473349512679658801e+03,1.227121495148193873e+02,3.382227188412573327e+01,1.781057070000000065e+06,1.836809660000000382e+06,7.658999999999999773e+02
1.380000000000000000e+02,-3.243539558634479363e+03,-2.824061251458652805e+03,-4.194783071758265578e+02,2.602760343020185019e+02,3.500035827362937368e+01,4.147492299999999814e+05,4.148027000000003027e+05,6.748999999999999773e+02
1.390000000000000000e+02,-3.211106260645251496e+03,-2.991207707279535498e+03,-2.198985533657159976e+02,2.681542451653731973e+02,3.835268531741039766e+01,1.542737099999999919e+05,1.549647500000000291e+05,7.416000000000000227e+02
1.400000000000000000e+02,-3.282089054162835055e+03,-2.992950275170298482e+03,-2.891387789925365723e+02,7.421044267117403592e+01,4.453675549599930861e+01,1.844429599999999919e+05,1.844184300000000221e+05,6.123999999999999773e+02
1.410000000000000000e+02,-3.293783893001128035e+03,-3.020691422149962818e+03,-2.730924708511652170e+02,2.646007762640005012e+02,4.347713395096495503e+01,2.080669700000000012e+05,2.081826800000000512e+05,6.321000000000000227e+02
1.420000000000000000e+02,-3.247617889564482539e+03,-3.001183409179113823e+03,-2.464344803853687154e+02,2.542702230097823133e+02,4.051055470466381081e+01,1.006581900000000023e+05,1.006647099999999919e+05,3.141999999999999886e+02
1.430000000000000000e+02,-3.270886777314517076e+03,-1.364377486447531055e+03,-1.906509290866986021e+03,8.968044129681662469e+01,3.131617073461590195e+01,3.181234750000000000e+06,3.198882249999998137e+06,1.134200000000000045e+03
1.440000000000000000e+02,-3.141713557578336804e+03,-2.773247223041430516e+03,-3.684663345369062881e+02,2.726147791378575107e+02,3.609853975628573863e+01,1.539682900000000081e+05,1.539731000000000349e+05,2.976999999999999886e+02
1.450000000000000000e+02,-3.322793838403024438e+03,-1.465175318553148600e+03,-1.857618519849875838e+03,2.905967968660428369e+02,4.496013203060181951e+01,2.695827140000000130e+06,2.707929599999996834e+06,1.442299999999999955e+03
1.460000000000000000e+02,-3.284391959252508059e+03,-1.595574255391908764e+03,-1.688817703860599295e+03,9.830907238879878207e+01,2.725266005077427423e+01,1.150494379999999888e+06,1.167437379999999888e+06,4.795000000000000000e+02
1.470000000000000000e+02,-3.204926372319330312e+03,-1.661924296192485599e+03,-1.543002076126844713e+03,2.480282295630027534e+02,3.568961991573552694e+01,7.165587700000000186e+06,7.214791270000006072e+06,3.290099999999999909e+03
1.480000000000000000e+02,-3.297316292038059146e+03,-2.626856520996576364e+03,-6.704597710414827816e+02,9.358692331233783079e+01,3.231240541717250636e+01,6.162774599999999627e+05,6.168503499999998603e+05,6.137999999999999545e+02
1.490000000000000000e+02,-3.273956509056271898e+03,-2.742815680403853094e+03,-5.311408286524188043e+02,2.682282508630065081e+02,3.075592173691805442e+01,4.771257199999999721e+05,4.772490300000001444e+05,5.642000000000000455e+02
1.500000000000000000e+02,-3.297521875453414850e+03,-1.616692689800783910e+03,-1.680829185652630940e+03,9.957748781417254236e+01,3.501112148016711245e+01,1.862008929999999935e+06,1.865562430000000400e+06,1.038000000000000000e+03
1.510000000000000000e+02,-3.248913866088957093e+03,-1.405931946416463234e+03,-1.842981919672493859e+03,5.579455084714981439e+01,3.213370011337738674e+01,2.969997390000000130e+06,3.035460760000001173e+06,9.777000000000000455e+02
1.520000000000000000e+02,-3.417206015426059366e+03,-1.376465199634877536e+03,-2.040740815791181831e+03,6.206872137774893616e+01,3.289943685116762850e+01,7.393942570000000298e+06,7.569010120000001974e+06,2.258000000000000000e+03
1.530000000000000000e+02,-3.144364818271672902e+03,-2.605898446959640296e+03,-5.384663713120326065e+02,2.740723150148103286e+02,3.222139503428039120e+01,4.392339199999999837e+05,4.392955500000002212e+05,4.923000000000000114e+02
1.540000000000000000e+02,-3.151253276234624082e+03,-2.679184320049202142e+03,-4.720689561854219392e+02,1.040928508840969897e+02,3.568939020743228241e+01,2.176629599999999919e+05,2.178509100000000617e+05,3.016999999999999886e+02
1.550000000000000000e+02,-3.139272182958901794e+03,-2.683087603431020398e+03,-4.561845795278813966e+02,9.234427872963293282e+01,3.006857196970528889e+01,2.491462799999999988e+05,2.492967200000000012e+05,2.986999999999999886e+02
1.560000000000000000e+02,-3.175893641550219854e+03,-2.680418558708653109e+03,-4.954750828415667456e+02,2.673996736949608817e+02,3.577562327559439836e+01,2.498512999999999884e+05,2.506523100000002014e+05,3.063999999999999773e+02
1.570000000000000000e+02,-3.194228846082216023e+03,-2.723616230674563212e+03,-4.706126154076528110e+02,2.613424574403815654e+02,2.731045997435005290e+01,2.982025200000000186e+05,2.991372999999998137e+05,3.015000000000000000e+02
1.580000000000000000e+02,-3.198072255575272266e+03,-2.738279042147742530e+03,-4.597932134275297358e+02,2.609734287695273451e+02,3.068171491800038808e+01,4.421201300000000047e+05,4.422432999999999302e+05,6.942999999999999545e+02
1.590000000000000000e+02,-3.349783375583237103e+03,-2.750986150366326456e+03,-5.987972252169106469e+02,2.832339717377993225e+02,3.780534759228021358e+01,3.209969099999999744e+05,3.216136100000001607e+05,3.691000000000000227e+02
1.600000000000000000e+02,-3.209463658654989558e+03,-2.700546963003660949e+03,-5.089166956513286095e+02,9.077542309047308322e+01,3.885392662896639138e+01,1.961953399999999965e+05,1.962542700000000477e+05,2.946999999999999886e+02
1.610000000000000000e+02,-3.164716657049760215e+03,-2.338127614531003474e+03,-8.265890425187567416e+02,2.713575886711645353e+02,2.616207614698231509e+01,7.186885000000000000e+05,7.319848800000007031e+05,4.946999999999999886e+02
1.620000000000000000e+02,-3.156639493905745439e+03,-2.506422805719580992e+03,-6.502166881861644470e+02,7.430202304733391827e+01,2.688170695670045163e+01,1.121309489999999991e+06,1.121614100000000792e+06,1.024900000000000091e+03
1.630000000000000000e+02,-3.147451543595955627e+03,-2.677551491160993010e+03,-4.699000524349626176e+02,2.449066484639814121e+02,3.305626469227303943e+01,3.274662000000000116e+05,3.274519500000001281e+05,5.075000000000000000e+02
1.640000000000000000e+02,-3.146845134075825172e+03,-2.576748600842302039e+03,-5.700965332335231324e+02,2.689667981287512930e+02,3.398072834160034006e+01,3.925930999999999767e+05,3.938381600000002654e+05,4.851999999999999886e+02
1.650000000000000000e+02,-3.152223853591384795e+03,-2.682953326584594834e+03,-4.692705270067899619e+02,9.142065351871102052e+01,2.728573185663099920e+01,5.685614200000000419e+05,5.699548400000000838e+05,7.043999999999999773e+02
1.660000000000000000e+02,-3.095273085909878318e+03,-2.665958568380573070e+03,-4.293145175293052489e+02,7.989608413426977052e+01,3.698675231972120514e+01,3.539605999999999767e+05,3.540750899999996764e+05,5.825000000000000000e+02
1.670000000000000000e+02,-3.137594785016124206e+03,-2.515961819320627001e+03,-6.216329656954972052e+02,9.313365347883093648e+01,3.439146174637013331e+01,5.660447399999999907e+05,5.683161299999998882e+05,6.801000000000000227e+02
1.680000000000000000e+02,-3.177567763780795758e+03,-2.265409451939236988e+03,-9.121583118415587705e+02,2.790877611031060042e+02,3.010457783803637355e+01,1.571558229999999981e+06,1.573783319999999832e+06,1.108799999999999955e+03
1.690000000000000000e+02,-3.243182964034500856e+03,-2.623120726131018273e+03,-6.200622379034825826e+02,9.291610927046768609e+01,3.668713618302528090e+01,4.813322500000000000e+05,4.815564599999999627e+05,5.327999999999999545e+02
1.700000000000000000e+02,-3.147474407574744419e+03,-2.591090777397314014e+03,-5.563836301774304047e+02,2.671525748617316935e+02,2.375183789961905489e+01,3.136410499999999884e+05,3.148762800000000861e+05,2.391999999999999886e+02
1.710000000000000000e+02,-3.133076001149896911e+03,-2.713948848742327755e+03,-4.191271524075691559e+02,7.595770094269971651e+01,3.234264073816626706e+01,2.597304500000000116e+05,2.599519400000002061e+05,3.668000000000000114e+02
1.720000000000000000e+02,-3.134673334559791783e+03,-2.790895684506162524e+03,-3.437776500536292588e+02,7.476148367307241926e+01,2.921045314616211641e+01,2.939793900000000140e+05,2.940700199999999604e+05,4.665000000000000000e+02
1.730000000000000000e+02,-3.155641419025861069e+03,-2.743519025199439056e+03,-4.121223938264220124e+02,8.786281918823435433e+01,2.849649794967290362e+01,5.747850200000000186e+05,5.747171300000005867e+05,8.270000000000000000e+02
1.740000000000000000e+02,-3.131859873558734762e+03,-2.720546289097962017e+03,-4.113135844607727449e+02,2.587460861394856693e+02,2.819343255893531008e+01,4.244785999999999767e+05,4.261984299999998766e+05,7.432000000000000455e+02
1.750000000000000000e+02,-3.124662680081628423e+03,-2.644368795675010915e+03,-4.802938844066175079e+02,2.674265289791416649e+02,2.454933998643724280e+01,4.515802199999999721e+05,4.539884900000005728e+05,4.226000000000000227e+02
1.760000000000000000e+02,-3.135811988704876512e+03,-2.484200929662372346e+03,-6.516110590425041664e+02,5.908783239999385017e+01,2.891896810808323082e+01,9.569809000000000233e+05,9.582506699999999255e+05,8.905000000000000000e+02
1.770000000000000000e+02,-3.167275496615062366e+03,-2.655187705886643016e+03,-5.120877907284193498e+02,9.930496716310362615e+01,2.768118095250165922e+01,2.503899899999999907e+05,2.511237399999999325e+05,2.848999999999999773e+02
1.780000000000000000e+02,-3.165640634909892015e+03,-2.539671924696516271e+03,-6.259687102133757435e+02,2.560922858123776109e+02,1.602021619096365868e+01,8.014096899999999441e+05,8.122078200000005309e+05,3.908999999999999773e+02
1.790000000000000000e+02,-3.173615362447344978e+03,-1.967478665904438685e+03,-1.206136696542906293e+03,2.407130914475396821e+02,2.075513730803490020e+01,1.524439870000000112e+06,1.544705930000002496e+06,5.155000000000000000e+02
1.800000000000000000e+02,-3.339203758429813206e+03,-2.016422136936343350e+03,-1.322781621493469856e+03,2.580121224190713747e+02,2.281445882229800048e+01,6.130687799999999814e+06,6.316043049999997951e+06,2.233500000000000000e+03
1.810000000000000000e+02,-3.166643735860189281e+03,-2.645001207391478601e+03,-5.216425284687106796e+02,8.066440833277087563e+01,4.044482486098274876e+01,5.316915799999999581e+05,5.311778699999998789e+05,8.182000000000000455e+02
1.820000000000000000e+02,-3.194166080774002694e+03,-2.184416726294608452e+03,-1.009749354479394242e+03,2.589667370922237524e+02,2.151297867193169466e+01,5.171997839999999851e+06,5.208449149999998510e+06,2.236599999999999909e+03
1.830000000000000000e+02,-3.191650283982296969e+03,-2.165185140409879295e+03,-1.026465143572417674e+03,2.583184400224732826e+02,2.362581352580731675e+01,7.627567500000000000e+05,7.692793900000001304e+05,3.153000000000000114e+02
1.840000000000000000e+02,-3.183741249829326080e+03,-2.611599618126700989e+03,-5.721416317026250908e+02,2.580438167625242727e+02,2.399778720697490542e+01,8.331369599999999627e+05,8.367595800000006566e+05,6.828999999999999773e+02
1.850000000000000000e+02,-3.143858051775373042e+03,-2.750093180072893119e+03,-3.937648717024799225e+02,9.303881836381454207e+01,2.722351912300772625e+01,7.062814200000000419e+05,7.058302899999998044e+05,9.703999999999999773e+02
1.860000000000000000e+02,-3.107683486435067152e+03,-2.867276645534204818e+03,-2.404068409008623348e+02,9.956669816657061745e+01,3.109587346709061606e+01,1.062526600000000035e+05,1.062781399999999849e+05,3.056000000000000227e+02
1.870000000000000000e+02,-3.138083623303115019e+03,-2.474171771598001214e+03,-6.639118517051138042e+02,8.792148367912548679e+01,2.603284239628396435e+01,3.793851500000000233e+05,3.802346299999999464e+05,3.625000000000000000e+02
1.880000000000000000e+02,-3.150199494301336017e+03,-2.907232260840209165e+03,-2.429672334611268525e+02,2.801011440736518239e+02,3.605917123222702969e+01,8.030097999999999593e+04,8.030550000000007276e+04,2.469000000000000057e+02
1.890000000000000000e+02,-3.089213656499668105e+03,-2.745893449898680046e+03,-3.433202066009880582e+02,9.219811554136325071e+01,2.424107403283744944e+01,2.584537399999999907e+05,2.583651100000000442e+05,4.738000000000000114e+02
1.900000000000000000e+02,-3.222721959714085187e+03,-2.882029195984925082e+03,-3.406927637291601059e+02,8.671625738393083793e+01,3.959518590349846079e+01,4.496860100000000093e+05,4.495741099999999278e+05,1.146000000000000000e+03
1.910000000000000000e+02,-3.129393904910595211e+03,-2.373660670952211149e+03,-7.557332339583840621e+02,2.537320628917008207e+02,2.325863644454515011e+01,5.224981300000000047e+05,5.321461600000002654e+05,3.196999999999999886e+02
1.920000000000000000e+02,-3.177676494348757842e+03,-2.165089495772559076e+03,-1.012586998576198766e+03,2.991926997330050426e+02,3.106076947178618042e+01,1.437234610000000102e+06,1.441713280000000726e+06,8.570000000000000000e+02
1.930000000000000000e+02,-3.180109360961489074e+03,-2.849153975664866266e+03,-3.309553852966228078e+02,1.027402819117580037e+02,3.584495244139728243e+01,1.903790499999999884e+05,1.903682299999999523e+05,4.908000000000000114e+02
1.940000000000000000e+02,-3.087415533752161082e+03,-2.504517931148857315e+03,-5.828976026033037670e+02,2.611246477405794053e+02,2.157822882914623364e+01,2.018768599999999860e+05,2.038091100000000151e+05,1.320999999999999943e+02
1.950000000000000000e+02,-3.158301865729100882e+03,-2.617569474642844852e+03,-5.407323910862560297e+02,2.843636676738393589e+02,1.893294641101572395e+01,4.489247100000000210e+05,4.610720200000001932e+05,4.530000000000000000e+02
1.960000000000000000e+02,-3.157078908161342952e+03,-2.293789998832471156e+03,-8.632889093288717959e+02,2.766376228170243508e+02,2.825207348460395096e+01,1.533663090000000084e+06,1.543936750000001630e+06,1.022399999999999977e+03
1.970000000000000000e+02,-3.146573290749017815e+03,-2.883911277490465181e+03,-2.626620132585526335e+02,6.390151482195972932e+01,3.041149496152398868e+01,1.942408099999999977e+05,1.942366599999999453e+05,4.391999999999999886e+02
1.980000000000000000e+02,-3.156321010933179878e+03,-2.793724805752175143e+03,-3.625962051810047342e+02,2.776285303252138306e+02,1.596139982233966492e+01,3.859126900000000023e+05,3.863353700000001118e+05,4.758999999999999773e+02
1.990000000000000000e+02,-3.161147702356154696e+03,-2.500994601141634121e+03,-6.601531012145205750e+02,3.183994551631411696e+02,4.780753888673429230e+01,3.208521799999999930e+05,3.209332300000001560e+05,4.416000000000000227e+02
2.000000000000000000e+02,-3.195712968336793892e+03,-2.137374704445720454e+03,-1.058338263891073439e+03,7.970905514862792529e+01,3.362952805952125601e+01,7.790198599999999860e+05,7.808494400000005262e+05,5.962999999999999545e+02
2.010000000000000000e+02,-3.151518810708226738e+03,-2.948590582556832942e+03,-2.029282281513937960e+02,2.651989316003307522e+02,3.354049567938138665e+01,1.203447899999999936e+05,1.203967100000000501e+05,5.208999999999999773e+02
2.020000000000000000e+02,-3.216594108738172054e+03,-2.852301076780034236e+03,-3.642930319581378171e+02,9.545794983480158180e+01,3.981658235251219935e+01,3.311956099999999860e+05,3.318607400000001071e+05,6.812999999999999545e+02
2.030000000000000000e+02,-3.357326821926735647e+03,-2.900272640911840881e+03,-4.570541810148947661e+02,2.944415138219518440e+02,5.497966699475274055e+01,2.069766099999999860e+05,2.071306699999999546e+05,5.081000000000000227e+02
2.040000000000000000e+02,-3.245811502489262693e+03,-2.829630128049038831e+03,-4.161813744402238626e+02,2.727912728688509674e+02,5.424422299896011879e+01,1.454191499999999942e+05,1.454967600000000093e+05,4.088000000000000114e+02
2.050000000000000000e+02,-3.026403815326573294e+03,-1.852564425607417888e+03,-1.173839389719155406e+03,6.162823487001197975e+01,4.625820815300863131e+01,2.266071640000000130e+06,2.268613769999998156e+06,1.737500000000000000e+03
2.060000000000000000e+02,-2.986355791409270751e+03,-2.625568207549870749e+03,-3.607875838594000015e+02,1.162314735046708734e+02,3.256495384811680083e+01,1.068508860000000102e+06,1.072790070000000531e+06,1.855799999999999955e+03
2.070000000000000000e+02,-3.048239527790797638e+03,-2.441528997305465964e+03,-6.067105304853316738e+02,7.004702747409633901e+01,2.989703480768313426e+01,1.001339930000000051e+06,1.000954120000000228e+06,1.103299999999999955e+03
2.080000000000000000e+02,-3.114905639351977698e+03,-1.762383187660921294e+03,-1.352522451691056403e+03,7.181531080888537133e+01,3.700169829813241762e+01,5.374972000000000000e+06,5.424527079999996349e+06,3.243699999999999818e+03
2.090000000000000000e+02,-2.952329856910825129e+03,-2.165501120612140767e+03,-7.868287362986843618e+02,2.466621402133318099e+02,5.154827252083838118e+01,1.637124159999999916e+06,1.653137719999998808e+06,1.777099999999999909e+03
2.100000000000000000e+02,-3.083727807262961960e+03,-1.547626386706595440e+03,-1.536101420556366520e+03,2.616231860094825947e+02,3.299116050098728437e+01,3.804681649999999907e+06,4.139368029999997001e+06,1.752200000000000045e+03
2.110000000000000000e+02,-3.060514588652552902e+03,-1.546247364747969868e+03,-1.514267223904583034e+03,2.366857043835558443e+02,4.006477304614995205e+01,4.533996049999999814e+06,4.523281480000001378e+06,2.626500000000000000e+03
2.120000000000000000e+02,-3.137822814621897578e+03,-1.284120923776301652e+03,-1.853701890845595926e+03,2.116516756514068902e+02,3.509270177230178689e+01,2.706071410999999940e+07,2.720240765999999642e+07,9.271000000000000000e+03
2.130000000000000000e+02,-4.034983157418508199e+03,-1.064007028939431848e+03,-2.970976128479076579e+03,2.416268951012631021e+02,3.688381912389642281e+01,1.660305534999999963e+07,1.728070729999996349e+07,4.776800000000000182e+03
2.140000000000000000e+02,-3.227914783208771496e+03,-1.471890623539809667e+03,-1.756024159668961829e+03,7.164515716826446123e+01,3.350664617232560261e+01,2.704201385000000149e+07,2.899902501999998093e+07,1.085350000000000000e+04
2.150000000000000000e+02,-3.166976716832042257e+03,-1.063496588606042224e+03,-2.103480128226000033e+03,6.478229066558920124e+01,3.184101961510486234e+01,4.947294146999999881e+07,5.286912710999990255e+07,1.489850000000000000e+04
2.160000000000000000e+02,-3.044339508549809125e+03,-1.521016613347540215e+03,-1.523322895202268910e+03,9.780015623174753614e+01,3.324348718272845815e+01,7.298768419999999925e+06,7.294944899999999441e+06,2.939900000000000091e+03
2.170000000000000000e+02,-3.052034650807357593e+03,-1.376997786626453490e+03,-1.675036864180904104e+03,2.067594403624096628e+02,3.870025374304518806e+01,7.938076400000000373e+06,7.940038119999990799e+06,3.203900000000000091e+03
2.180000000000000000e+02,-3.126764855444934256e+03,-1.406342016199716909e+03,-1.720422839245217347e+03,2.118274861720777551e+02,3.481508745960697127e+01,1.531349225000000000e+07,1.536654621000000089e+07,5.940600000000000364e+03
2.190000000000000000e+02,-2.960314007853573003e+03,-1.473892136735582881e+03,-1.486421871117990122e+03,6.382050369628439057e+01,4.162046573522260218e+01,6.954315429999999702e+06,7.118830460000004619e+06,5.090899999999999636e+03
2.200000000000000000e+02,-2.886828923847805072e+03,-1.840296927010057288e+03,-1.046531996837747784e+03,2.005692965451021905e+02,2.569139902214972082e+01,4.296828049999999814e+06,4.313016169999998994e+06,2.448699999999999818e+03
2.210000000000000000e+02,-2.850583078242269949e+03,-1.613490073456088794e+03,-1.237093004786181154e+03,2.062084244403270361e+02,3.089015619732215256e+01,3.731320049999999814e+06,3.748314869999994989e+06,2.116900000000000091e+03
2.220000000000000000e+02,-3.036700846853764233e+03,-1.520444637539266296e+03,-1.516256209314497937e+03,1.817450202912861243e+02,4.166976450127540232e+01,4.674784639999999665e+06,4.701566659999995492e+06,2.172699999999999818e+03
2.230000000000000000e+02,-3.263401392047012905e+03,-1.707468842266816637e+03,-1.555932549780196268e+03,1.977079716960007261e+02,2.198244170066327285e+01,1.524914919999999925e+07,1.563752871999997273e+07,5.255100000000000364e+03
2.240000000000000000e+02,-3.039047281585277688e+03,-2.000272718003755244e+03,-1.038774563581522443e+03,1.805446872555077391e+02,1.907419893964327784e+01,3.887281100000000093e+06,3.939733759999999776e+06,1.893799999999999955e+03
2.250000000000000000e+02,-3.039895329656415470e+03,-2.099057541461526398e+03,-9.408377881948890717e+02,2.226844730102018275e+02,3.037566236199187131e+01,3.409447390000000130e+06,3.420312309999996796e+06,2.649400000000000091e+03
2.260000000000000000e+02,-2.836705850542902681e+03,-1.330469795513767622e+03,-1.506236055029135059e+03,8.957543774439865603e-01,2.403576641859324425e+01,3.918423120000000112e+06,3.973265769999999087e+06,1.233700000000000045e+03
2.270000000000000000e+02,-3.036245047484926545e+03,-2.139285541531044146e+03,-8.969595059538823989e+02,1.277224808936251037e+02,3.794498156094670094e+01,1.446330949999999953e+06,1.477431039999999804e+06,1.355099999999999909e+03
2.280000000000000000e+02,-3.046752393664491137e+03,-2.289417448602927834e+03,-7.573349450615633032e+02,6.853619598168398852e+01,3.519750755984657786e+01,2.688908680000000168e+06,2.695250740000000689e+06,2.363199999999999818e+03
2.290000000000000000e+02,-3.082413294951725675e+03,-1.452072989066138689e+03,-1.630340305885586986e+03,1.088747276759960840e+02,3.476112643127122936e+01,4.297244349999999627e+06,4.337653490000002086e+06,1.565900000000000091e+03
2.300000000000000000e+02,-3.356613191388499672e+03,-1.732256249238771261e+03,-1.624356942149728411e+03,2.607972470465725792e+02,4.711393039090257417e+01,3.510592540000000037e+06,3.623820340000000317e+06,2.034700000000000045e+03
2.310000000000000000e+02,-3.025428630831087503e+03,-1.623146752500165803e+03,-1.402281878330921700e+03,2.511685000593840300e+02,4.145005909685660583e+01,6.356172559999999590e+06,6.856921039999995381e+06,3.941599999999999909e+03
2.320000000000000000e+02,-3.179444324096460150e+03,-2.397939960418736064e+03,-7.815043636777240863e+02,7.128862127847878583e+01,2.523086998442185092e+01,4.724816870000000112e+06,4.727265919999994338e+06,3.259800000000000182e+03
2.330000000000000000e+02,-3.238263500680367542e+03,-1.411607870838927283e+03,-1.826655629841440259e+03,2.732510624484496020e+02,4.251226334908795224e+01,5.701425950000000186e+06,5.642945890000003390e+06,3.111699999999999818e+03
2.340000000000000000e+02,-2.870886371072916972e+03,-2.269378434969650698e+03,-6.015079361032662746e+02,7.653879437326375523e+01,4.243392603167463761e+01,1.566878550000000047e+06,1.567486099999999627e+06,2.329099999999999909e+03
2.350000000000000000e+02,-3.023979394056058936e+03,-2.034027316120271962e+03,-9.899520779357869742e+02,6.968440760999403949e+01,3.333049140070783523e+01,3.534393910000000149e+06,3.713300329999995884e+06,2.745300000000000182e+03
2.360000000000000000e+02,-3.144291889623701991e+03,-2.124360082874869931e+03,-1.019931806748832059e+03,2.665587047699092409e+02,3.613879066822347141e+01,3.378524839999999851e+06,3.597492120000001043e+06,2.584300000000000182e+03
2.370000000000000000e+02,-3.085341143039906456e+03,-2.790398417285136929e+03,-2.949427257547695262e+02,1.137796805986683921e+02,2.409666910751413837e+01,9.690341099999999860e+05,9.731845500000001630e+05,1.648200000000000045e+03
2.380000000000000000e+02,-3.092984857961049784e+03,-1.618535153599250407e+03,-1.474449704361799377e+03,1.875667748661643586e+01,3.208251351133007745e+01,1.045890990000000037e+07,1.058655747999998927e+07,4.525699999999999818e+03
2.390000000000000000e+02,-3.210337344245079294e+03,-1.442124873980468465e+03,-1.768212470264610829e+03,9.990348971746604079e+00,3.867554109378140481e+01,7.525689790000000037e+06,7.727887089999993332e+06,3.260699999999999818e+03
2.400000000000000000e+02,-3.139404931162046068e+03,-1.894868043981852679e+03,-1.244536887180193389e+03,1.827197272670966299e+02,2.958239410080630449e+01,3.778878180000000168e+06,3.781063670000000391e+06,1.577799999999999955e+03
2.410000000000000000e+02,-3.166285745364806644e+03,-1.564160383299381465e+03,-1.602125362065425179e+03,2.513253561731789887e+01,3.360803452452727669e+01,3.823176000000000000e+06,nan,1.536299999999999955e+03
2.420000000000000000e+02,-3.234824627363318541e+03,-2.242147590564855818e+03,-9.926770367984627228e+02,2.010814157850732897e+02,3.218986728298051503e+01,2.710085060000000056e+06,2.712635649999998044e+06,1.932799999999999955e+03
2.430000000000000000e+02,-2.944561904778866392e+03,-2.477018741063557627e+03,-4.675431637153087649e+02,5.543783866320922726e+01,2.803999984796720923e+01,3.157487700000000186e+05,3.175282999999999884e+05,3.861999999999999886e+02
2.440000000000000000e+02,-2.872618642708246625e+03,-2.041219448238440009e+03,-8.313991944698066163e+02,2.101008299397227290e+02,3.406387018115205478e+01,2.868732040000000037e+06,2.871644329999996815e+06,2.555599999999999909e+03
2.450000000000000000e+02,-3.188393682219510083e+03,-1.436575664745870426e+03,-1.751818017473639657e+03,4.921605732540376010e+01,3.809664537999121592e+01,1.124577397000000067e+07,1.203276701000000723e+07,4.498800000000000182e+03
2.460000000000000000e+02,-3.096818270286527877e+03,-1.685924171424499491e+03,-1.410894098862028386e+03,5.475716973168759694e+01,4.085697768426503984e+01,6.097223070000000298e+06,6.115400050000006333e+06,3.423000000000000000e+03
2.470000000000000000e+02,-3.055384746676444138e+03,-2.318652437862305760e+03,-7.367323088141383778e+02,1.038743726371491647e+02,3.392176553085344892e+01,1.507844830000000075e+06,1.508663789999999572e+06,1.645299999999999955e+03
2.480000000000000000e+02,-3.145715498966303130e+03,-1.459408296184861456e+03,-1.686307202781441674e+03,2.333640859445121691e+02,4.001148309007384540e+01,8.263496169999999925e+06,8.416005950000002980e+06,3.745099999999999909e+03
2.490000000000000000e+02,-3.204394032606996461e+03,-2.413601125372803835e+03,-7.907929072341926258e+02,2.445381817088750722e+02,4.178977924537765887e+01,1.118338129999999888e+06,1.116365759999999544e+06,1.550700000000000045e+03
2.500000000000000000e+02,-3.031252206739564372e+03,-1.823144016259008822e+03,-1.208108190480555550e+03,6.749214783098310022e+01,3.080084806061210401e+01,2.341941049999999814e+06,2.353790140000001993e+06,1.180400000000000091e+03
2.510000000000000000e+02,-3.030851091609813011e+03,-1.673244039332579632e+03,-1.357607052277233379e+03,5.557238376624114551e+01,3.298492897414684677e+01,2.754930169999999925e+06,2.749996910000002012e+06,1.277700000000000045e+03
2.520000000000000000e+02,-3.004553611604701018e+03,-2.168406398677362176e+03,-8.361472129273388418e+02,5.517685134492368348e+01,2.944119417472085942e+01,1.577478909999999916e+06,1.584293990000001388e+06,1.359799999999999955e+03
2.530000000000000000e+02,-2.923902196105883831e+03,-2.502904936596924472e+03,-4.209972595089593597e+02,6.003120049346463105e+01,3.343726073323041703e+01,1.253714850000000093e+06,1.255851209999999963e+06,2.004400000000000091e+03
2.540000000000000000e+02,-3.102888125270718774e+03,-1.579253694544602695e+03,-1.523634430726116079e+03,6.542679983774986852e+01,3.000236606792014271e+01,6.977143879999999888e+06,7.023073260000001639e+06,3.443500000000000000e+03
2.550000000000000000e+02,-2.992588689690764113e+03,-1.918696979331419925e+03,-1.073891710359344188e+03,2.875874227247547879e+02,3.351896867223758392e+01,2.867103160000000149e+06,2.878754900000002701e+06,1.733599999999999909e+03
2.560000000000000000e+02,-3.051422574560789144e+03,-1.456528209852604732e+03,-1.594894364708184412e+03,3.076574635528270818e+01,4.695496196633650499e+01,5.585556860000000335e+06,5.562833219999998808e+06,2.975199999999999818e+03
2.570000000000000000e+02,-3.884992972647432907e+03,-1.588178702819658611e+03,-2.296814269827774297e+03,2.690500400632285505e+02,3.148778662548390628e+01,9.544809240000000224e+06,9.908103049999997020e+06,3.188199999999999818e+03
2.580000000000000000e+02,-3.107928226871553761e+03,-1.974259869504490325e+03,-1.133668357367063436e+03,2.520497107714468541e+02,4.114589210645272033e+01,3.551607850000000093e+06,3.635456789999997243e+06,2.827099999999999909e+03
2.590000000000000000e+02,-2.974196831178042430e+03,-1.670708186210268877e+03,-1.303488644967773553e+03,2.749347718587407599e+02,4.086935521104195601e+01,3.133163279999999795e+06,3.134927739999998361e+06,1.734000000000000000e+03
2.600000000000000000e+02,-2.820427469797650701e+03,-2.212536748396163148e+03,-6.078907214014875535e+02,8.666845214354404447e+01,3.621944467245963040e+01,1.187817570000000065e+06,1.206752130000000820e+06,1.502099999999999909e+03
2.610000000000000000e+02,-2.948829746683343728e+03,-1.654442467317950332e+03,-1.294387279365393397e+03,2.851278743125898245e+02,3.550939088510033770e+01,2.570115310000000056e+06,2.584072250000000466e+06,1.414500000000000000e+03
2.620000000000000000e+02,-3.044130220331306646e+03,-1.744312998833893062e+03,-1.299817221497413584e+03,2.675258987933392518e+02,3.169294362774297724e+01,2.495855500000000000e+06,2.513680380000002682e+06,1.361799999999999955e+03
2.630000000000000000e+02,-3.205290444630795264e+03,-1.997841396502635462e+03,-1.207449048128159802e+03,2.783574973584488816e+02,3.994214389697935985e+01,2.667534339999999851e+06,2.692116459999998566e+06,1.886099999999999909e+03
2.640000000000000000e+02,-2.827784411792728861e+03,-1.607081370350069619e+03,-1.220703041442659242e+03,2.774125212534164575e+02,3.757204306400193872e+01,1.137884629999999888e+06,1.156480360000000102e+06,5.965000000000000000e+02
2.650000000000000000e+02,-3.021171068375030700e+03,-2.452962254760344877e+03,-5.682088136146858233e+02,2.569079915660026359e+02,3.086703330814318136e+01,5.949993599999999860e+05,5.955293700000002282e+05,6.398999999999999773e+02
2.660000000000000000e+02,-3.069737988083471009e+03,-1.756180953449544404e+03,-1.313557034633926605e+03,2.764611829841762756e+02,3.947730382567638685e+01,2.416962919999999925e+06,2.413914760000002570e+06,1.306400000000000091e+03
2.670000000000000000e+02,-3.090752480470070168e+03,-2.665205603105972841e+03,-4.255468773640973268e+02,2.678468618026803370e+02,4.120929151618779684e+01,7.265735100000000093e+05,7.307713200000005309e+05,1.330200000000000045e+03
2.680000000000000000e+02,-2.958267692917738259e+03,-2.468432802082900253e+03,-4.898348908348380064e+02,8.712902460245031477e+01,3.124758193343240009e+01,7.545186099999999860e+05,7.546863600000002189e+05,1.266900000000000091e+03
2.690000000000000000e+02,-3.013545522448844167e+03,-2.676265622097978394e+03,-3.372799003508657734e+02,2.185503042333338897e+02,3.157538530095244766e+01,7.453770799999999581e+05,7.442626199999999953e+05,1.498400000000000091e+03
2.700000000000000000e+02,-3.176628514659542361e+03,-1.745070330993676407e+03,-1.431558183665865954e+03,2.704440866391609575e+02,4.793271474963906797e+01,1.032995959999999963e+06,1.084557120000000112e+06,6.177999999999999545e+02
2.710000000000000000e+02,-3.101376313946224855e+03,-1.457967070491458344e+03,-1.643409243454766511e+03,1.076746182645164538e+02,3.085014574609212090e+01,2.433137520000000019e+06,2.464579759999998845e+06,1.142299999999999955e+03
2.720000000000000000e+02,-3.150152954556362147e+03,-1.550743396095972912e+03,-1.599409558460389235e+03,2.638810738600780041e+02,3.539992223630330415e+01,8.898134390000000596e+06,9.306432449999997392e+06,4.540199999999999818e+03
2.730000000000000000e+02,-3.056499115018685188e+03,-2.402924892077182449e+03,-6.535742229415027396e+02,8.168014698450242861e+01,3.350500241973557536e+01,3.398820310000000056e+06,3.415220439999998081e+06,3.518300000000000182e+03
2.740000000000000000e+02,-3.033908029580450602e+03,-1.930573867311581125e+03,-1.103334162268869477e+03,6.250426975588582934e+01,2.230811393439541135e+01,1.387654434999999963e+07,1.396252823999999277e+07,6.947699999999999818e+03
2.750000000000000000e+02,-2.858189189890156740e+03,-1.533195060494129621e+03,-1.324994129396027120e+03,2.154786779128545504e+02,2.985257267801675951e+01,7.245958849999999627e+06,7.354428020000006072e+06,3.179199999999999818e+03
2.760000000000000000e+02,-2.795561113615043723e+03,-1.584773439943534868e+03,-1.210787673671508855e+03,3.401781696181884485e+01,4.006053420915843333e+01,2.608424750000000000e+06,2.725190790000001434e+06,1.591700000000000045e+03
2.770000000000000000e+02,-2.956785458722411477e+03,-2.378602102056146578e+03,-5.781833566662648991e+02,2.543498000779432573e+02,4.005236821998565233e+01,6.231719300000000512e+05,6.228580100000000093e+05,1.035500000000000000e+03
2.780000000000000000e+02,-2.898131406611393231e+03,-2.484293033285780893e+03,-4.138383733256123378e+02,2.962391344276832115e+02,4.619229278901639191e+01,1.836823900000000140e+05,1.837269600000000501e+05,4.835000000000000000e+02
2.790000000000000000e+02,-3.053491441493123148e+03,-1.497245112689905000e+03,-1.556246328803218148e+03,9.503154520836488928e+01,3.573620317867344198e+01,2.982322040000000037e+06,3.082748139999996405e+06,1.457000000000000000e+03
2.800000000000000000e+02,-3.087681297841107607e+03,-1.636853113667722482e+03,-1.450828184173385125e+03,2.430032797710077830e+02,4.007195145411407111e+01,5.289199269999999553e+06,5.358891259999988601e+06,2.586699999999999818e+03
2.810000000000000000e+02,-3.106990419496994036e+03,-2.438569031825309594e+03,-6.684213876716844425e+02,5.769464660305104076e+01,2.322955288008262187e+01,7.579997700000000186e+05,7.750649799999997485e+05,5.656000000000000227e+02
2.820000000000000000e+02,-3.203397956742106544e+03,-1.628155384840408715e+03,-1.575242571901697829e+03,7.081331695963195116e+00,3.321044633342602026e+01,3.846023029999999795e+06,3.862413809999997262e+06,1.834299999999999955e+03
2.830000000000000000e+02,-3.072083766448074130e+03,-1.799166411136923443e+03,-1.272917355311150686e+03,7.136193961113880846e+01,2.097730586876384606e+01,2.918198450000000186e+06,2.968561109999999404e+06,1.116500000000000000e+03
2.840000000000000000e+02,-3.247425910161817683e+03,-1.927971451675407934e+03,-1.319454458486409749e+03,6.669051085541792645e+01,2.552153453318037180e+01,6.820297530000000261e+06,6.849383920000000857e+06,2.839599999999999909e+03
2.850000000000000000e+02,-3.053732221691147970e+03,-2.001797317984955043e+03,-1.051934903706192927e+03,2.889476289741183450e+02,3.257100550041569420e+01,2.395272729999999981e+06,2.441984570000000764e+06,2.029900000000000091e+03
2.860000000000000000e+02,-3.135571261458811477e+03,-1.753208887258792174e+03,-1.382362374200019303e+03,8.448716757515094855e+01,2.310415125629105404e+01,6.603332309999999590e+06,6.698973510000009090e+06,2.138699999999999818e+03
2.870000000000000000e+02,-3.029418823146701016e+03,-1.483195066155017457e+03,-1.546223756991683558e+03,1.992115814332395871e+02,2.767720719743515545e+01,6.227541309999999590e+06,6.245984509999990463e+06,2.162900000000000091e+03
2.880000000000000000e+02,-3.182080780619821780e+03,-1.638296787233597342e+03,-1.543783993386224438e+03,2.322900538454038610e+01,4.022153780619158425e+01,2.881711009999999776e+06,2.859123129999995232e+06,1.615900000000000091e+03
2.890000000000000000e+02,-3.058839380411207912e+03,-1.449842804265392488e+03,-1.608996576145815425e+03,2.294223691299428083e+02,3.583704928659872024e+01,1.103106608999999985e+07,1.115107493000001460e+07,4.425399999999999636e+03
2.900000000000000000e+02,-3.028542191286139314e+03,-1.858435910092792710e+03,-1.170106281193346604e+03,3.865043260847312467e+01,2.752423227360074520e+01,5.625575660000000149e+06,5.651790400000002235e+06,2.620300000000000182e+03
2.910000000000000000e+02,-3.205763646318161136e+03,-1.670891207129932582e+03,-1.534872439188228554e+03,2.232891347853576747e+02,3.174090791088328700e+01,6.028074410000000149e+06,6.072463859999999404e+06,2.339800000000000182e+03
2.920000000000000000e+02,-2.982870545481523550e+03,-1.513888692677412791e+03,-1.468981852804110758e+03,1.937960660191147610e+02,2.276811967133190251e+01,2.800942040000000037e+06,2.908283489999999292e+06,1.026299999999999955e+03
2.930000000000000000e+02,-2.883222731202636169e+03,-1.640157286040641566e+03,-1.243065445161994603e+03,3.585751873393037954e+02,2.696109991405045037e+01,2.473817950000000186e+06,2.495710809999999125e+06,9.822000000000000455e+02
2.940000000000000000e+02,-3.118067069842677029e+03,-1.712339565500233221e+03,-1.405727504342443808e+03,3.423030342969756816e+02,2.248646688343530542e+01,5.164859709999999963e+06,5.280097979999998584e+06,2.147400000000000091e+03
2.950000000000000000e+02,-2.999640502314518471e+03,-2.187046384619542550e+03,-8.125941176949759210e+02,2.084084515515490352e+02,2.817803855631961341e+01,3.804293520000000019e+06,3.926479110000001732e+06,2.742800000000000182e+03
2.960000000000000000e+02,-3.182363733509052508e+03,-1.646538316607318166e+03,-1.535825416901734343e+03,1.370424572087361241e+02,3.266804717535310232e+01,6.463497179999999702e+06,6.460537799999994226e+06,3.392199999999999818e+03
2.970000000000000000e+02,-3.070714514829317068e+03,-1.826623791014046674e+03,-1.244090723815270394e+03,1.169086898865680837e+02,3.725665613253178066e+01,1.372766540000000037e+06,1.372776270000002114e+06,9.332999999999999545e+02
2.980000000000000000e+02,-3.202052495832560453e+03,-1.978270740045005596e+03,-1.223781755787554857e+03,2.489466975255141108e+02,4.375736360996351948e+01,2.301804049999999814e+06,2.301511269999999553e+06,1.775000000000000000e+03
2.990000000000000000e+02,-3.101773100700127088e+03,-2.314632941627174205e+03,-7.871401590729528834e+02,2.684918743082782271e+02,3.525014105542776122e+01,1.430462340000000084e+06,1.429786599999999395e+06,1.579000000000000000e+03
3.000000000000000000e+02,-3.200971505321453151e+03,-1.952546741412900928e+03,-1.248424763908552222e+03,1.936096818835174531e+02,3.297997815957238998e+01,4.396600650000000373e+06,4.379213360000001267e+06,2.607599999999999909e+03
3.010000000000000000e+02,-3.121207063495319744e+03,-1.636112257095125415e+03,-1.485094806400194329e+03,2.587288901298198880e+02,3.650250596516756474e+01,4.258845889999999665e+06,4.416497900000000373e+06,2.116300000000000182e+03
3.020000000000000000e+02,-2.962374272886851941e+03,-1.676401301464727567e+03,-1.285972971422124374e+03,1.891180331817916169e+02,2.274650818610376390e+01,2.008860810000000056e+06,2.027190950000001118e+06,8.915000000000000000e+02
3.030000000000000000e+02,-3.164147959617605011e+03,-2.042904445649536228e+03,-1.121243513968068783e+03,8.336847894678282955e+01,2.063169905728370779e+01,1.517661909999999916e+06,1.527046290000000969e+06,6.932999999999999545e+02
3.040000000000000000e+02,-2.922106452302045454e+03,-1.860083032213981369e+03,-1.062023420088064086e+03,2.961418492961355469e+02,4.116796217709029548e+01,6.411959100000000326e+05,6.474916799999999348e+05,4.886999999999999886e+02
3.050000000000000000e+02,-2.992137916160163059e+03,-2.351892868837069273e+03,-6.402450473230937860e+02,2.792955884022226201e+02,3.149766175800547785e+01,1.074204290000000037e+06,1.081874019999999786e+06,1.248799999999999955e+03
3.060000000000000000e+02,-3.089788146504174620e+03,-2.144172685287162039e+03,-9.456154612170125802e+02,2.037047172902295529e+02,4.724942547071746901e+01,3.115848129999999888e+06,3.117911889999998268e+06,3.125900000000000091e+03
3.070000000000000000e+02,-3.132934184779103816e+03,-2.536766590176389855e+03,-5.961675946027139616e+02,1.943160731477997274e+02,4.424707426342430239e+01,6.872187600000000093e+05,6.875280999999999767e+05,1.207000000000000000e+03
3.080000000000000000e+02,-3.072703804086515447e+03,-1.941040900953080154e+03,-1.131662903133435293e+03,2.004993547358386365e+02,3.510017590957649247e+01,2.162597930000000168e+06,2.192008529999997932e+06,1.473500000000000000e+03
3.090000000000000000e+02,-3.122257743951212888e+03,-2.122723774984598549e+03,-9.995339689666143386e+02,1.527800021085742230e+02,3.002355660781623214e+01,1.938220770000000019e+06,1.973587559999999590e+06,1.201200000000000045e+03
3.100000000000000000e+02,-3.224121619139737049e+03,-1.742529323692615890e+03,-1.481592295447121160e+03,1.162518812386836657e+02,3.852817358617532051e+01,1.113717041000000015e+07,1.123492426000000164e+07,5.700899999999999636e+03
3.110000000000000000e+02,-2.971001966473914308e+03,-1.812460285882239987e+03,-1.158541680591674321e+03,2.073952402446464305e+02,3.497900481519379667e+01,2.266265120000000112e+06,2.264538530000001658e+06,1.731000000000000000e+03
3.120000000000000000e+02,-3.070544799828223404e+03,-2.055509581071440607e+03,-1.015035218756782797e+03,3.091415191150575197e+02,4.356405886594677668e+01,2.355592580000000075e+06,2.396772549999999348e+06,2.021400000000000091e+03
3.130000000000000000e+02,-2.895109635932952187e+03,-2.040426032485737551e+03,-8.546836034472146366e+02,2.094072848793119874e+02,2.792477652945325417e+01,2.277861200000000186e+06,2.282708079999998678e+06,2.067599999999999909e+03
3.140000000000000000e+02,-2.843931407865301026e+03,-1.944727936950719595e+03,-8.992034709145814304e+02,2.321601588081177567e+02,3.639236477829847871e+01,2.372796750000000000e+06,2.364462799999998882e+06,2.159800000000000182e+03
3.150000000000000000e+02,-3.045162060884671064e+03,-2.099524416289928922e+03,-9.456376445947421416e+02,8.479160261081433703e+01,6.945624490208004431e+01,1.054065989999999991e+06,1.062630640000000596e+06,1.437299999999999955e+03
3.160000000000000000e+02,-2.912413452680615137e+03,-1.950003459398502400e+03,-9.624099932821127368e+02,1.593193434116060416e+02,3.533392120662140456e+01,1.116768629999999888e+06,1.124325969999999739e+06,7.832999999999999545e+02
3.170000000000000000e+02,-2.980261381158156837e+03,-2.402567567798340860e+03,-5.776938133598159766e+02,8.620875749228309814e+01,2.860552976544995119e+01,7.139794200000000419e+05,7.140061300000000047e+05,7.842999999999999545e+02
3.180000000000000000e+02,-2.756653811708974445e+03,-2.240705987268844183e+03,-5.159478244401302618e+02,1.972461859315901052e+02,2.974901639004436049e+01,7.231298000000000466e+05,7.232939399999994785e+05,1.024000000000000000e+03
3.190000000000000000e+02,-2.928354514164611373e+03,-2.452820104098045249e+03,-4.755344100665661244e+02,2.426411493427023913e+02,4.503898265604252060e+01,4.802359000000000233e+05,4.895283199999998906e+05,1.102599999999999909e+03
3.200000000000000000e+02,-3.070477336352628754e+03,-2.668301968706965908e+03,-4.021753676456628455e+02,8.337769649586272180e+01,2.684616097498226850e+01,6.947034300000000512e+05,6.950359400000007590e+05,9.443999999999999773e+02
3.210000000000000000e+02,-3.123321934186708859e+03,-2.544185466165080015e+03,-5.791364680216288434e+02,1.779560297558063837e+02,3.802636510581668716e+01,2.609208999999999942e+05,2.617905400000000081e+05,4.210000000000000000e+02
3.220000000000000000e+02,-3.128841340965833297e+03,-2.446215412662490053e+03,-6.826259283033432439e+02,1.874154158187706116e+02,4.336011064544604210e+01,8.107540699999999488e+05,8.111301399999996647e+05,1.313799999999999955e+03
3.230000000000000000e+02,-2.965544299469807811e+03,-2.453325854595566852e+03,-5.122184448742409586e+02,8.123047514067559405e+01,2.812229942545016570e+01,5.413210699999999488e+05,5.431449200000005076e+05,7.015000000000000000e+02
3.240000000000000000e+02,-3.013157344883892620e+03,-2.450745988346128343e+03,-5.624113565377642772e+02,9.146188099592448850e+01,2.613191148346190928e+01,8.336888599999999860e+05,8.394861900000004098e+05,8.393999999999999773e+02
3.250000000000000000e+02,-3.100749070431599648e+03,-2.509536451717567161e+03,-5.912126187140324873e+02,2.688774017846511555e+01,3.421620748237779708e+01,2.014968889999999898e+06,2.031574219999998109e+06,2.790000000000000000e+03
3.260000000000000000e+02,-3.093898130765617680e+03,-1.579020368539381479e+03,-1.514877762226236200e+03,6.143855118100524493e+01,2.395539076212084240e+01,2.457290510999999940e+07,2.482236271999998763e+07,7.722800000000000182e+03
3.270000000000000000e+02,-3.191564483277430554e+03,-1.213994940609482683e+03,-1.977569542667947871e+03,1.294931252751808586e+02,3.889127858758854472e+01,1.109628276999999955e+07,1.115448718999998458e+07,4.370600000000000364e+03
3.280000000000000000e+02,-3.140470424907768120e+03,-2.335531495853449087e+03,-8.049389290543190327e+02,1.074295436397628123e+02,4.622415530893187707e+01,2.048173419999999925e+06,2.042118699999997625e+06,2.494199999999999818e+03
3.290000000000000000e+02,-3.251819311027578806e+03,-1.882151377365428516e+03,-1.369667933662150290e+03,2.195117947880503380e+02,4.717783257900106264e+01,2.192970020000000019e+06,2.207848970000000205e+06,1.768299999999999955e+03
3.300000000000000000e+02,-3.142395642749616854e+03,-1.737677437575260683e+03,-1.404718205174356171e+03,2.130546630238821422e+02,3.403273484240078517e+01,8.792684580000000075e+06,9.393858979999994859e+06,4.699399999999999636e+03
3.310000000000000000e+02,-3.225136757515012050e+03,-1.814950658644554551e+03,-1.410186098870457499e+03,2.725916294579105070e+01,4.662927263434520597e+01,5.913395870000000112e+06,5.917282960000002757e+06,3.825400000000000091e+03
3.320000000000000000e+02,-3.295849736428085180e+03,-1.213674287350972008e+03,-2.082175449077113171e+03,2.062277708391579623e+01,3.756293276879859633e+01,1.897324998999999836e+07,1.897968906999997422e+07,6.335699999999999818e+03
3.330000000000000000e+02,-3.119638218247915120e+03,-1.908808386528103028e+03,-1.210829831719812091e+03,1.962340419754190179e+01,2.678914956031385941e+01,1.088150158999999985e+07,1.135311340000000037e+07,4.776800000000000182e+03
3.340000000000000000e+02,-3.092087284183623069e+03,-1.354713832467347174e+03,-1.737373451716275895e+03,3.524175859196451199e+01,4.373294149795005836e+01,1.525694578999999911e+07,1.543050038999999315e+07,6.840199999999999818e+03
3.350000000000000000e+02,-3.027942812454086379e+03,-1.509093164860497836e+03,-1.518849647593588543e+03,6.780631429562212986e+01,3.419153788398136840e+01,1.870387860999999940e+07,1.901716345999997109e+07,8.437200000000000728e+03
3.360000000000000000e+02,-3.289917184248738977e+03,-1.855733284098876538e+03,-1.434183900149862438e+03,1.168598704826224548e+02,3.657972517807247215e+01,2.347271879999999888e+06,2.359452290000000037e+06,1.222500000000000000e+03
3.370000000000000000e+02,-3.036771541058696130e+03,-2.567066014347125929e+03,-4.697055267115702009e+02,2.667232476014763165e+02,2.884924743202017439e+01,5.296578699999999953e+05,5.299010399999999208e+05,6.406000000000000227e+02
3.380000000000000000e+02,-2.959640908396171199e+03,-2.351436351803511116e+03,-6.082045565926600830e+02,2.387327461055631375e+02,3.917606625756175021e+01,5.312014100000000326e+05,5.330963299999998417e+05,6.308999999999999773e+02
3.390000000000000000e+02,-2.944268994712316726e+03,-1.622787511983287004e+03,-1.321481482729029722e+03,2.454181784329511231e+02,4.387757615426929902e+01,2.911325629999999888e+06,2.914021179999999236e+06,2.087800000000000182e+03
3.400000000000000000e+02,-3.291754198013343284e+03,-1.387581083397790508e+03,-1.904173114615552777e+03,1.238799891486092690e+02,3.737551768030975552e+01,4.372325469999999739e+06,4.477440329999996349e+06,1.805200000000000045e+03
3.410000000000000000e+02,-3.098057380022941743e+03,-1.865254076797860989e+03,-1.232803303225080754e+03,2.203239929428883102e+02,3.155326636473208879e+01,5.848140429999999702e+06,5.910655590000010096e+06,3.255699999999999818e+03
3.420000000000000000e+02,-3.025113719613861122e+03,-2.104714766600222447e+03,-9.203989530136386747e+02,3.574482325330335470e+02,2.517058458610642901e+01,1.690099820000000065e+06,1.699533880000000121e+06,1.160599999999999909e+03
3.430000000000000000e+02,-3.049168354669715427e+03,-1.759390953360620415e+03,-1.289777401309095012e+03,2.136570617934170855e+02,3.323372109540682828e+01,2.930560520000000019e+06,2.917039299999997951e+06,1.569099999999999909e+03
3.440000000000000000e+02,-3.046381397048624876e+03,-1.767565210685862212e+03,-1.278816186362762664e+03,2.199268955397539855e+02,3.370318159364123289e+01,3.033877779999999795e+06,3.046237269999998622e+06,1.858000000000000000e+03
3.450000000000000000e+02,-3.050848608806275479e+03,-2.686381408773228031e+03,-3.644672000330474475e+02,1.867575466329071219e+02,2.640717989070051175e+01,3.161187100000000210e+05,3.177886200000001700e+05,6.023999999999999773e+02
3.460000000000000000e+02,-3.060686119954375499e+03,-2.620077719072487071e+03,-4.406084008818884286e+02,2.134315990195895267e+02,3.158545887682170061e+01,5.742202399999999907e+05,5.741578000000001630e+05,1.004899999999999977e+03
3.470000000000000000e+02,-3.033434494476600321e+03,-2.376075456454304458e+03,-6.573590380222958629e+02,1.888495617575517826e+02,2.686865372581423017e+01,7.671074300000000512e+05,7.710445299999995623e+05,8.077999999999999545e+02
3.480000000000000000e+02,-3.169099836283560762e+03,-2.065387897247092042e+03,-1.103711939036468721e+03,6.329853914300700524e+01,3.478438923993385146e+01,4.857227719999999739e+06,4.896142589999993332e+06,3.744099999999999909e+03
3.490000000000000000e+02,-3.058713273077428767e+03,-1.601628226539538673e+03,-1.457085046537890094e+03,2.453632247318076907e+02,3.688712415647876242e+01,3.575198750000000000e+06,3.626000910000000615e+06,1.827200000000000045e+03
3.500000000000000000e+02,-2.988724678123733611e+03,-2.038387690854231550e+03,-9.503369872695020604e+02,2.667450560258787391e+02,3.544613900802951179e+01,3.117760870000000112e+06,3.146818250000000931e+06,2.133300000000000182e+03
3.510000000000000000e+02,-3.075683719543149891e+03,-2.115125765165780649e+03,-9.605579543773692421e+02,5.890067387555343714e+01,3.329320401417802344e+01,2.926873910000000149e+06,2.940543899999997113e+06,2.049199999999999818e+03
